1A0010;979823;1105395
1A0020;979680;1105330
1A002A;979935;1105136
1A0030;979587;1105312
1A0040;979391;1106303
1A0050;979272;1105482
1A0070;979453;1105334
1A0080;979171;1105501
1A008A;979185;1105558
1A0090;979289;1105551
1A0100;979310;1105782
1A0110;979060;1105518
1A0120;979475;1105864
1A0130;979365;1106467
1A013A;979373;1106386
1A013B;979327;1106352
1A0140;980128;1105179
1A0150;980174;1105348
1A0160;980123;1105454
1A0170;980110;1105580
1A0180;980332;1105592
1A0190;980138;1106549
1A0200;980439;1105676
1A0200;980510;1105283
1A020A;980722;1105511
1A020B;980820;1106034
1A020C;980976;1105705
1A020D;981119;1105934
1A020D;981211;1105589
1A020E;981254;1105872
1A0210;979858;1106606
1A0220;980683;1104756
1A0220;980985;1104958
1A0230;979352;1106102
1A0240;981591;1105091
1A0250;981930;1105251
1A0250;982079;1104806
1A0260;982393;1105178
1A0260;982461;1104965
1A0270;982212;1105425
1A0270;982263;1105559
1A0280;979286;1105618
1A0290;980175;1105865
1A029A;980173;1106218
1A0300;980798;1106729
1A0310;980651;1106146
1A0320;979320;1105709
1A0330;981694;1106082
1A0350;981220;1106351
1A0350;981560;1105914
1A035A;981934;1105750
1A0360;981703;1106186
1A0370;981977;1106177
1A0380;982169;1106251
1A0390;982072;1106347
1A0400;982066;1106244
1A0410;982044;1106232
1A0420;981786;1106253
1A0430;981654;1106528
1A0440;979350;1105252
1A0450;982027;1106353
1A0460;980090;1105049
1A0470;981538;1105425
1A0480;981280;1105373
1A0490;981412;1105013
1A0500;981564;1105266
1A0510;981828;1106682
1A0520;981955;1106531
1A052A;981817;1106604
1A0530;981513;1105556
1A0540;982094;1106410
1A0550;982124;1106322
1A0560;982049;1106473
1A0570;981938;1106320
1A0580;981913;1106672
1A0590;982005;1106428
1A0600;981532;1105692
1A0610;981378;1105146
1A0620;981754;1106856
1A0630;979430;1106375
1A0650;981202;1106817
1A0660;981314;1106870
1A0670;981434;1106940
1A0680;981571;1107020
1A0690;979605;1106209
1A0700;981714;1106364
1A0710;979633;1105486
1A0710;979737;1105724
1A0720;981810;1106191
1A0730;981864;1106067
1A0740;981540;1104853
1A0740;981572;1104646
1A0750;979302;1106033
1A0760;982096;1106201
1A0780;981914;1106259
1A0790;981980;1106263
1A0800;979415;1106187
1A0820;981877;1106588
1A0840;979312;1106100
1A0850;981695;1106727
1A0860;981997;1106575
1A0870;981715;1106964
1A0880;979410;1106546
1A0910;979372;1106074
1A0940;979477;1105225
1A0940;979497;1105229
1A0950;979513;1105247
1A0960;979556;1105245
1A0970;979292;1105288
1A0980;979277;1105716
1A0990;979260;1105691
1A1000;979416;1105189
1A1010;979385;1105191
1A1020;979359;1105195
1A1030;979328;1105200
1A1040;979296;1105215
1A1050;979274;1105225
1A1060;979260;1105235
1A1070;979244;1105245
1A1080;979226;1105257
1A1090;979203;1105278
1A1100;979173;1105311
1A1110;979162;1105331
1A1120;979147;1105353
1A1130;979139;1105377
1A1140;979129;1105411
1A1150;979187;1105363
1A1170;979167;1105406
1A1180;979189;1105414
1A1190;979179;1105432
1A1190;979183;1105391
1A1200;979175;1105458
1A1210;979129;1105539
1A1220;979104;1105561
1A1230;979135;1105581
1A1240;979192;1105609
1A1250;981682;1106247
1A1260;981773;1106122
1A1270;981864;1106142
1A1280;979312;1105817
1A1300;979384;1105430
1A1310;979483;1105553
1A1320;979536;1105639
1A1330;979515;1105691
1A1340;979421;1106041
1A134A;979421;1106017
1B0900;982288;1105779
1B0910;982368;1105688
1B0920;982122;1105847
1B0930;984922;1105533
1B0940;984224;1107040
1B0950;982112;1106932
1B1000;982491;1107206
1B1010;982514;1105429
1B1010;982648;1105210
1B1020;982443;1105700
1B1030;982342;1105598
1B1040;982383;1106363
1B1050;982408;1105622
1B1060;982704;1105840
1B106B;982858;1105502
1B1070;982830;1106681
1B1070;983167;1106094
1B1070;983210;1105703
1B1080;983662;1106231
1B1080;984019;1105815
1B1090;983222;1107013
1B1100;984237;1105997
1B1100;984424;1106028
1B110C;984486;1105635
1B1110;985130;1105623
1B1110;985370;1105738
1B1130;985567;1106121
1B1130;985712;1106330
1B1130;985712;1106041
1B1140;985647;1106476
1B1150;982131;1105782
1B1160;986569;1108141
1B1170;982257;1105983
1B1190;982285;1105906
1B1200;982028;1106006
1B120A;982212;1106107
1B1210;982353;1105837
1B1220;984183;1106965
1B1240;981739;1107167
1B1250;983488;1107797
1B1250;983600;1107128
1B1260;983092;1107319
1B1270;983874;1106648
1B1280;984396;1108079
1B1280;984684;1108704
1B1280;984786;1108321
1B128A;984522;1107422
1B1290;983803;1107487
1B1300;984165;1107115
1B1310;984066;1106909
1B1320;983985;1107125
1B1330;984188;1107605
1B1330;984209;1107256
1B1350;984694;1107417
1B1350;984901;1107535
1B1360;985815;1107029
1B1370;985790;1107995
1B1370;985947;1108065
1B1370;986001;1108127
1B1370;986193;1108031
1B1380;983267;1107538
1B1390;983102;1107520
1B1400;982926;1107507
1B1410;982758;1107478
1B1420;985485;1107166
1B143A;985469;1106896
1B143C;985349;1107044
1B1440;985462;1107421
1B144A;985493;1107592
1B144B;985536;1107745
1B1450;985794;1106879
1B1460;985769;1106790
1B1470;985775;1106656
1B1500;986062;1108135
1B1520;985851;1108546
1B1530;985622;1107882
1B1540;985682;1108291
1B1550;986215;1108491
1B1550;986248;1108440
1B1590;986196;1108341
1B1610;985629;1108547
1B1610;985683;1108435
1B1610;985728;1108547
1B1610;985741;1108353
1B1610;985747;1108171
1B1610;985765;1108482
1B1610;985851;1108270
1B1610;985866;1108478
1B1610;985884;1108417
1B1610;985979;1108407
1B1610;986075;1108274
1B1610;986172;1108110
1B1620;986612;1107288
1B1660;986267;1107972
1B1670;986496;1108321
1B1670;986646;1107939
1B1680;986466;1108431
1B1690;986680;1108605
1B1700;986400;1108488
1B1720;986309;1108478
1B1730;986852;1108647
1B1730;987013;1108470
1B1740;986841;1108278
1B1750;986351;1107614
1B1760;986887;1108425
1B1770;984477;1106755
1B1780;986095;1108488
1B1790;984928;1106916
1B1800;986169;1107929
1B1810;985135;1106032
1B1810;985291;1106860
1B1810;985329;1106094
1B1830;984959;1107202
1B185A;985145;1108027
1B185A;985155;1107612
1B185A;985275;1108420
1B186A;984377;1108559
1B1870;984006;1108274
1B1880;986162;1108399
1B189A;984827;1106076
1B189A;984896;1105821
1B189A;984968;1106017
1B1900;986701;1107707
1B190A;986812;1107590
1B190B;986332;1108072
1B190B;986415;1107853
1B1910;983913;1108036
1B1920;983946;1107844
1B1930;984053;1108478
1B1940;983970;1108113
1B198A;985923;1107439
1B2010;985584;1108182
1B2020;985503;1108508
1B2030;985717;1108586
1B2040;981965;1107280
1B2120;985060;1106536
1B2160;984575;1106083
1B2160;984827;1106213
1B2170;984477;1106227
1B2170;984691;1106376
1C0;988882;1108528
1C0;989228;1108930
1C2010;987094;1107256
1C2020;987150;1107616
1C2040;986951;1107432
1C2050;986973;1107359
1C2060;987118;1107382
1C2070;987228;1107448
1C2080;988553;1108371
1C2090;987394;1107633
1C2090;987452;1107813
1C2100;987095;1107761
1C2110;987592;1108027
1C2120;987757;1108425
1C2120;987939;1108184
1C2130;988109;1108889
1C2130;988491;1108566
1C2130;988779;1108491
1C2140;988884;1108803
1C214B;989004;1108727
1C2150;989038;1108973
1C215A;989069;1108830
1C215B;988966;1108912
1C2160;989088;1109019
1C2170;989127;1109046
1C2170;989165;1109073
1C2180;989268;1109164
1C2190;989233;1109124
1C2200;989197;1109098
1C2220;989402;1109461
1C2230;988156;1109343
1C2240;988522;1108998
1C2250;988505;1109164
1C2260;988737;1109169
1C2270;987130;1108129
1C2280;988381;1109573
1C2280;988408;1109493
1C2280;988454;1109421
1C2280;988544;1109483
1C2280;988625;1109571
1C2280;988664;1109657
1C2280;988699;1109465
1C2280;988758;1109651
1C2290;988608;1108934
1C2310;988247;1109482
1C2320;989427;1109105
1C2340;988545;1109576
1C2360;988507;1109583
1C2380;988592;1109825
1C2390;988357;1109759
1C2400;987846;1109138
1C2410;987814;1109292
1C2420;987458;1109025
1C2430;987590;1109132
1C2430;987678;1109248
1C2440;987916;1109429
1C2450;987874;1109380
1C2460;987895;1109261
1C2470;987787;1109111
1C2490;987769;1109342
1C2510;987788;1109172
1C2510;987868;1109177
1C2520;988017;1109459
1C2530;987715;1109292
1C2560;987841;1108520
1C2560;987958;1108503
1C2570;987263;1108872
1C2570;987340;1108808
1C2570;987524;1108908
1C2570;987537;1108837
1C2580;987610;1108634
1C2590;987679;1108973
1C2620;987707;1109178
1C2620;987809;1109208
1C2680;988510;1109382
1C2730;988631;1109422
1C2740;988280;1109438
1C2740;988359;1109351
1C2740;988418;1109166
1C2750;988745;1109541
1C2760;989077;1109550
1C2770;989187;1109758
1C2780;988959;1109355
1C2790;990001;1109854
1C2800;990299;1109565
1C2810;989645;1110158
1C2830;989313;1110929
1C2830;989551;1110947
1C2840;987187;1108608
1C285A;989523;1110286
1C285A;989672;1110343
1C2860;988820;1111049
1C2870;989062;1111155
1C2880;988546;1110145
1C2880;988745;1110028
1C2880;988788;1110252
1C2880;989058;1110162
1C2880;989323;1110272
1C2890;988902;1109751
1C2910;988929;1109863
1C2920;988657;1110294
1C2930;988614;1110227
1C293A;988652;1110387
1C2950;988778;1109809
1C2970;988848;1109685
1C2980;988759;1110344
1C2990;988694;1110337
1C3000;987718;1108807
1C3010;988737;1110558
1C3020;986446;1106936
1C3040;989024;1110504
1C3040;989235;1110688
1C3050;989050;1110827
1C3100;986765;1107108
1C3110;989054;1109973
1C3120;988791;1110640
1C3130;988211;1107970
1C3140;986949;1107053
1C3160;986172;1107063
1C3170;986009;1106774
1C3180;986400;1106724
1C3190;989894;1109995
1C3200;988873;1110805
1C3210;988729;1108824
1C3220;987495;1109106
1C3230;986966;1108755
1C3240;987800;1108715
1C3270;988421;1108274
1C327A;988356;1108278
1C3290;988444;1109166
1C3300;988482;1109634
1C3310;989330;1109972
1C3310;989434;1110133
1C3320;990041;1110244
1C3330;989967;1109534
1C3350;990422;1109593
1C3360;990615;1109563
1C3370;990531;1109671
1C3390;990729;1109701
1C3410;990077;1109552
1C3410;990196;1109753
1C3420;990331;1110374
1C3440;989498;1110568
1C3440;989638;1110734
1C3440;990079;1110452
1C3450;989349;1111192
1C3480;988975;1108621
1C3480;989018;1108700
1C3500;988946;1108604
1C3530;988488;1108332
1C3540;988615;1108402
1C3550;988661;1108432
1C3560;988783;1108455
1C3570;988903;1108506
1C3570;988928;1108536
1C3580;988912;1108527
1C3590;988953;1108539
1C3600;988970;1108560
1C3610;988993;1108590
1C3620;987195;1107223
1C3620;987256;1107239
1C3650;988043;1109289
1C3670;987328;1107362
1D3550;992318;1111024
1D3560;992144;1111503
1D3570;991733;1110830
1D3580;991585;1110988
1D3600;991431;1111080
1D3600;991513;1110685
1D3600;991803;1110716
1D3610;991429;1110178
1D3630;990478;1110490
1D3630;990519;1110669
1D3630;990541;1110810
1D3630;990633;1110573
1D3630;990690;1110786
1D3630;990713;1110173
1D3630;990816;1110758
1D3630;991054;1111081
1D3630;991104;1110769
1D3630;991141;1110120
1D3630;991344;1110740
1D3660;992651;1111564
1D3660;992751;1111287
1D3660;992759;1111074
1D366A;992523;1111201
1D3670;992482;1112031
1D3680;992152;1111969
1D3690;992767;1111910
1D3690;992911;1112251
1D3770;992388;1112308
1D378A;991976;1111003
1D378B;991881;1111106
1D378C;992135;1111096
1D378D;991847;1111234
1D3790;991306;1111734
1D3800;991336;1111801
1D3820;991257;1111863
1D3830;991187;1111832
1D3850;991518;1111876
1D3880;991435;1111175
1D3900;991035;1111995
1D3910;990781;1111846
1D3940;991530;1111342
1D3950;991456;1111561
1D3960;991402;1111441
1D4000;990285;1110855
1D4000;990424;1110942
1D4000;990583;1111262
1D4000;990742;1111072
1D4000;990963;1111316
1D400A;991179;1111476
1D4010;990262;1110020
1D4040;991215;1111036
1D4070;991268;1111174
1D4070;991349;1111127
1D4080;991384;1111264
1D408B;991618;1111180
1D4090;990796;1110972
1D4100;990652;1110953
1D4100;990735;1111017
1D414A;990455;1110803
1D415C;990359;1110675
1D415D;990337;1110822
1D4160;990043;1110803
1D4170;989801;1110709
1D4180;990091;1111558
1D4180;990185;1111220
1D4200;991030;1111738
1D420A;990649;1111920
1D4210;989674;1111246
1D4220;989738;1110965
1D4230;990246;1111683
1D4230;990393;1111369
1D4230;990473;1111920
1D4230;990484;1111685
1D4230;990529;1111520
1D4230;990689;1111591
1D4230;990844;1111702
1D4230;990848;1111571
1D4240;989977;1111265
1D4250;989774;1110838
1D4270;990533;1110936
1D4280;991976;1110883
1D4290;989826;1110589
2A0;980474;1108479
2A0;982390;1110047
2A0;982821;1110043
2A0;983043;1110160
2A0010;979495;1107153
2A0010;979810;1107050
2A003A;979112;1105655
2A0040;979187;1106232
2A0050;979168;1105865
2A0060;979200;1105806
2A0070;979109;1106679
2A0080;979647;1107389
2A0120;978959;1107225
2A0130;978845;1107377
2A0170;979179;1107430
2A0180;979428;1107612
2A0210;979118;1107322
2A0220;979089;1107197
2A0230;979103;1106987
2A0240;979143;1106997
2A0250;979104;1107123
2A0270;979264;1106892
2A0280;979228;1106811
2A0290;979467;1106748
2A0300;979412;1106648
2A0310;979291;1106703
2A031A;979262;1106575
2A0320;979326;1106635
2A0340;978683;1107964
2A0370;978736;1107717
2A037A;978723;1107620
2A0380;978838;1107938
2A0390;978673;1107638
2A0390;978803;1107736
2A0390;978813;1107620
2A0390;978826;1107667
2A0400;978897;1108113
2A0410;978955;1108032
2A0420;979002;1107829
2A0430;979083;1107812
2A0440;979027;1107875
2A0450;979110;1107875
2A0460;979022;1107969
2A0470;978973;1108007
2A0480;978920;1107811
2A0490;978848;1107772
2A049A;978865;1107755
2A049B;978889;1107732
2A049C;978913;1107708
2A049D;978932;1107691
2A0500;978870;1107712
2A0510;979156;1107916
2A0520;979403;1106959
2A0530;979645;1107853
2A053A;979212;1108158
2A0540;979647;1108604
2A0540;979655;1108712
2A0550;979539;1108378
2A0550;979711;1108395
2A0590;979918;1108296
2A0600;979944;1108305
2A0610;979951;1108344
2A0620;979929;1108958
2A0630;979879;1108625
2A0640;979993;1108798
2A0650;980046;1109077
2A0660;979511;1108247
2A0690;979352;1108334
2A0690;979374;1108219
2A0690;979427;1108200
2A0700;980207;1107911
2A0710;979847;1108332
2A0710;979948;1108124
2A0720;980073;1107634
2A0730;980070;1107564
2A0740;980012;1107593
2A0750;980130;1107486
2A0760;980169;1107307
2A0770;980532;1107442
2A0770;981084;1107329
2A0780;980266;1106918
2A0780;980270;1107035
2A0780;980389;1107190
2A0790;979919;1106869
2A0800;980076;1107034
2A0830;979226;1107042
2A0850;979708;1106945
2A0870;979671;1106917
2A0920;979781;1106823
2A0940;979651;1106798
2A0940;980078;1106787
2A0940;980114;1106921
2A0950;980280;1108763
2A0960;980692;1108715
2A0980;981175;1108848
2A0980;981328;1108296
2A0980;981733;1108558
2A0990;981875;1107451
2A1000;981717;1107636
2A1010;981613;1107826
2A1020;981546;1107940
2A1030;980977;1107865
2A1040;980554;1108000
2A1050;980816;1107662
2A1060;981081;1107685
2A1070;981281;1107172
2A1080;981423;1107281
2A1090;980713;1108085
2A1100;981329;1107214
2A1120;980328;1108310
2A1140;980474;1108163
2A1160;980751;1107866
2A1170;980543;1108290
2A1170;980679;1108311
2A1180;980887;1108069
2A1200;980588;1107778
2A1210;980567;1108471
2A1220;980607;1108488
2A1240;981790;1109484
2A1240;982088;1108867
2A1270;981961;1109798
2A1280;982122;1109794
2A1320;982134;1109905
2A1350;982281;1109815
2A1380;982410;1109750
2A1390;982399;1109833
2A1400;982412;1109922
2A1410;982053;1110226
2A1410;982379;1110399
2A1420;982691;1110233
2A1430;982785;1110185
2A1440;982917;1110170
2A1450;983091;1110101
2A1460;982567;1109957
2A1480;981671;1107289
2A1510;982678;1109897
2A1510;982808;1109869
2A1520;982879;1109811
2A1530;982851;1109833
2A1540;982840;1109732
2A1550;982805;1109734
2A1570;982933;1109686
2A1580;983021;1109925
2A1580;983117;1109924
2A1590;982922;1109771
2A1600;983036;1109890
2A1620;983006;1109684
2A1630;983048;1109661
2A1640;983100;1109652
2A1650;983098;1109708
2A1660;983127;1109738
2A1680;983215;1109664
2A1690;983174;1109814
2A1720;982138;1108298
2A1730;981888;1107888
2A1740;981995;1107940
2A1750;982096;1107986
2A1760;982198;1108084
2A1770;982317;1107943
2A1800;982668;1107827
2A1820;982357;1107711
2A1820;982444;1108135
2A1840;983295;1109113
2A184A;983178;1109531
2A1850;982726;1108357
2A1850;983084;1108698
2A1860;982390;1108948
2A186A;982533;1109363
2A186A;982960;1109154
2A1880;982886;1109511
2A1890;982912;1109566
2A1900;983042;1109536
2A1910;982977;1109555
2A191A;982993;1109485
2A1920;983084;1109527
2A1930;983118;1109523
2A1960;982523;1109802
2A1960;982600;1109832
2A1970;981765;1108865
2A1980;981824;1108837
2A1990;982193;1109726
2A2010;979202;1106719
2A2020;979195;1106749
2A2030;979097;1107155
2A2070;978879;1107628
2A2080;979075;1107075
2A2100;979154;1107832
2A2110;979103;1107992
2A2120;979114;1107959
2A2130;979271;1107885
2A2160;980351;1107385
2A2180;980695;1108465
2A2190;983232;1109692
2A2210;982759;1109680
2A2220;982729;1109732
2A2230;980094;1108551
2A2240;979030;1108061
2A224A;978939;1108053
2A2260;980922;1108341
2A2270;981072;1108095
2A2280;981264;1107826
2A2290;981494;1107487
2A2300;980345;1106825
2A2300;980618;1107053
2A2330;980646;1108507
2A2360;979267;1106616
2A2370;979188;1106766
2A2380;979373;1106605
2A2390;982175;1107537
2A2400;982870;1108116
2A2400;983073;1108393
2A2410;982793;1108867
2A2430;983193;1107895
2A2450;983068;1107941
2A2460;980430;1108320
2B2010;983127;1110935
2B2020;983089;1110924
2B2020;983225;1110994
2B2040;983288;1110912
2B2050;983365;1110978
2B2070;983364;1110639
2B2070;983439;1110676
2B2070;983491;1110489
2B2150;982559;1111499
2B2160;982673;1111475
2B2170;983793;1112045
2B2180;982776;1111291
2B2190;982819;1111659
2B2200;982943;1111474
2B2210;983167;1111440
2B2220;983189;1111530
2B2230;983348;1111407
2B2240;983278;1111592
2B2250;983130;1111656
2B2270;983198;1111769
2B2280;983075;1111795
2B2280;982997;1111740
2B2290;983715;1111627
2B2300;984037;1111508
2B2300;984076;1111511
2B2300;984114;1111525
2B2300;984138;1111525
2B2300;984172;1111541
2B2320;984867;1111198
2B2330;984864;1111402
2B2330;984951;1111185
2B2340;984984;1111094
2B2350;984923;1111089
2B2360;984837;1111115
2B2370;984763;1111034
2B2390;985019;1110868
2B2400;984273;1111178
2B2410;984678;1111004
2B2420;984954;1110918
2B2430;985012;1110907
2B2440;984679;1110924
2B2450;984598;1110889
2B2460;984669;1110837
2B2470;984519;1110369
2B2480;984798;1110697
2B2490;984702;1110739
2B2500;984735;1110654
2B2510;984764;1110618
2B2520;984851;1110796
2B2520;984908;1110588
2B2520;985002;1110725
2B2560;984991;1110817
2B2630;985003;1110504
2B2640;986290;1110795
2B2650;986167;1110787
2B2700;985850;1110684
2B2700;985990;1110772
2B2700;986052;1110972
2B2720;985732;1110615
2B2730;985783;1110484
2B2740;985753;1110456
2B2750;985704;1110423
2B2760;985551;1110389
2B2760;985595;1110566
2B2770;985516;1110524
2B2780;985471;1110487
2B279A;985586;1110298
2B2800;985402;1110519
2B2810;985386;1110430
2B2820;985158;1110587
2B2820;985432;1110599
2B2840;986037;1110418
2B2890;985735;1110302
2B2900;985656;1110249
2B2910;985718;1110229
2B2920;985789;1110207
2B2930;985767;1110117
2B2930;985856;1110122
2B2950;986023;1110142
2B2960;985905;1110093
2B2990;986104;1109955
2B3000;986008;1110017
2B3010;986005;1109896
2B3020;985949;1109977
2B3030;985919;1109895
2B3040;985961;1109861
2B3050;985877;1109954
2B3080;985855;1110011
2B3120;983419;1109924
2B3150;983321;1109716
2B3160;983357;1109760
2B3170;983401;1109718
2B3180;983440;1109782
2B3220;983637;1109751
2B3250;983577;1109477
2B325B;983316;1109607
2B3300;983491;1110233
2B3300;983520;1110130
2B3300;983620;1109873
2B3300;983641;1109924
2B3300;983766;1109880
2B3300;983811;1110181
2B3300;983871;1109840
2B3330;983447;1110395
2B3340;983022;1111159
2B3400;983256;1111245
2B3430;983438;1111361
2B3440;983407;1111229
2B3450;983321;1111172
2B3460;983293;1111136
2B3470;983478;1111110
2B3480;983351;1111092
2B3490;983409;1111043
2B3500;983512;1110985
2B3510;983388;1111017
2B3520;983547;1110804
2B3530;983504;1110761
2B3540;983568;1110736
2B3560;983704;1110582
2B3570;983611;1110600
2B3570;983752;1110484
2B3570;983800;1110645
2B3580;983691;1110487
2B3600;983632;1110880
2B3620;983942;1110562
2B3630;984738;1111264
2B3640;983905;1110686
2B3670;984752;1111363
2B3680;984857;1111305
2B3700;984782;1111470
2B3710;984679;1111502
2B3710;984744;1111597
2B3740;984569;1111134
2B3750;984624;1111102
2B3760;984556;1111024
2B3770;984532;1110983
2B3780;984469;1110917
2B3790;984519;1110912
2B3800;984514;1110861
2B3810;984153;1110127
2B3830;984130;1110073
2B3840;984035;1108886
2B3860;985019;1110253
2B3880;984725;1110443
2B3890;984756;1110565
2B3940;984976;1109957
2B3990;984560;1108913
2B4000;984722;1108939
2B4010;984916;1108976
2B4010;985178;1108972
2B4020;984907;1109159
2B4020;985176;1109217
2B4040;983794;1108561
2B4050;983939;1108639
2B4060;983660;1108479
2B4070;983574;1108611
2B4080;983487;1108672
2B4090;985268;1110500
2B4100;985299;1110453
2B4110;985194;1110454
2B4120;985139;1110492
2B4130;985131;1110434
2B4140;985685;1110048
2B4150;985257;1110276
2B4160;985281;1109927
2B4170;985638;1110083
2B4190;985751;1109934
2B4200;985694;1109864
2B4210;985627;1109739
2B4220;985538;1109835
2B4230;985482;1109755
2B4240;985439;1109716
2B4260;985276;1109629
2B4270;985235;1109646
2B4280;985141;1109553
2B4290;985061;1109526
2B4300;985109;1109423
2B4310;983751;1111067
2B4310;983883;1110814
2B4320;986170;1110933
2B4330;985541;1109705
2B4340;985733;1109664
2B4370;985923;1109845
2B4380;984390;1110187
2B4390;983283;1111691
2B4410;984593;1110777
2B4420;983458;1109735
2B4430;983536;1109706
2B4440;983396;1110845
2B4450;984530;1110842
2B4460;984952;1110546
2B4470;984685;1111133
2B4480;983366;1108382
2B4480;983572;1108256
2B4490;984865;1110372
2B4500;984365;1109430
2B4500;984568;1110612
2B4500;984754;1110161
2B4500;984994;1109270
2B4500;985152;1109284
2C0;987265;1110751
2C4510;986727;1110182
2C4510;986870;1110223
2C4510;987104;1109810
2C4520;986844;1110444
2C4520;987037;1110568
2C452A;986953;1110326
2C4550;987027;1110379
2C4560;987230;1110560
2C456A;987105;1110439
2C4570;987921;1111577
2C4600;988055;1111768
2C4610;988092;1111707
2C4620;988103;1111765
2C4630;988210;1111815
2C4640;988227;1111774
2C4650;988319;1111803
2C4670;988340;1111805
2C4680;988306;1111872
2C4680;988378;1111960
2C4690;988390;1111818
2C4700;988407;1111818
2C4710;988468;1111780
2C4720;988454;1111820
2C4730;988437;1111884
2C4740;988415;1111960
2C4750;988577;1111972
2C4760;988587;1111830
2C4800;988559;1111964
2C4820;988360;1111807
2C4830;988610;1112006
2C4860;988726;1111976
2C4870;988743;1112156
2C4880;988860;1112026
2C4890;988924;1112038
2C4900;988842;1112163
2C4900;988896;1112095
2C4920;988850;1112286
2C4920;988902;1112217
2C4920;988985;1112151
2C4930;988911;1112290
2C493A;989042;1112205
2C4940;988912;1112327
2C4950;989035;1112410
2C4960;989168;1112601
2C496A;989254;1112615
2C4970;986653;1109739
2C4980;986484;1109654
2C4990;986349;1109717
2C5000;986026;1109747
2C5010;986316;1109716
2C5020;986295;1109686
2C5030;986269;1109655
2C5040;986136;1109796
2C5050;986107;1109707
2C5060;986036;1109678
2C5070;986729;1109714
2C5080;986792;1109618
2C5090;986853;1109551
2C5110;986870;1109606
2C5110;986913;1109593
2C5110;986945;1109609
2C5140;986655;1109659
2C5160;986653;1109562
2C5160;986696;1109652
2C5180;986744;1109455
2C5200;985964;1109544
2C520A;986681;1109186
2C520B;986601;1108950
2C520C;986450;1109343
2C520D;986332;1109070
2C520E;986235;1109488
2C520F;986091;1109208
2C5220;985807;1109645
2C5230;985680;1109648
2C5240;985613;1109635
2C5250;985483;1109632
2C5260;985761;1109225
2C5280;985524;1109113
2C5300;985294;1109481
2C5330;985837;1109761
2C5340;985523;1109585
2C5370;985285;1108902
2C5380;985344;1108794
2C5390;985824;1108752
2C5500;986266;1108858
2C5500;986332;1108889
2C5500;986338;1108616
2C5500;986381;1108829
2C5500;986443;1108642
2C5530;986476;1108708
2C5550;986327;1108725
2C5570;986198;1108773
2C5590;986179;1108607
2C5600;986698;1108837
2C5610;986806;1108828
2C5620;986636;1108753
2C5640;986914;1108921
2C5650;987005;1108877
2C5660;986899;1109049
2C5680;986927;1109381
2C5690;986973;1109220
2C5700;987022;1109149
2C5710;986998;1109028
2C5720;987094;1109019
2C5730;987184;1109078
2C5740;987221;1109119
2C5750;987325;1109074
2C5760;987398;1109110
2C5770;987437;1109138
2C5780;987451;1109180
2C5790;987307;1109177
2C5800;987456;1109239
2C5810;987560;1109291
2C5820;987429;1109410
2C5830;987328;1109309
2C5840;987265;1109247
2C5850;987211;1109212
2C5860;987160;1109208
2C5870;987153;1109265
2C5880;987214;1109292
2C5890;987256;1109332
2C5900;987298;1109454
2C5910;987360;1109498
2C5920;987428;1109544
2C5930;987063;1110224
2C5940;987154;1110349
2C5940;987190;1110278
2C5960;987268;1110419
2C5970;987359;1110501
2C5980;987330;1110593
2C5990;987426;1110595
2C5990;987489;1110531
2C6000;987497;1110667
2C6010;987565;1110583
2C6020;987441;1110351
2C6020;987577;1110460
2C6030;987332;1110205
2C6050;987409;1110106
2C6070;987567;1110134
2C6080;987436;1109988
2C6090;987703;1109998
2C6100;987445;1110178
2C6110;987505;1109782
2C6120;987635;1109749
2C6130;987839;1109755
2C6160;987620;1109558
2C6180;987644;1109426
2C6200;987808;1109663
2C6210;988139;1109757
2C6220;988082;1110015
2C6230;988124;1109864
2C6240 y 2C624A;988003;1109897
2C6250;987977;1109993
2C6260;987949;1110113
2C6270;987893;1110064
2C6280;987839;1109967
2C6290;987374;1109316
2C6300;987511;1109343
2C6310;987083;1110299
2C6320;987867;1109529
2C6330;987530;1109552
2C6340;988208;1109826
2C6370;986542;1109509
2C6400;988533;1111796
2C6420;988376;1111811
2C6430;988498;1111852
2C643A;988511;1111807
2C6440;988695;1111951
2C6450;988780;1112022
2C6550;987486;1109454
2C6560;987463;1109487
2C6580;986849;1108779
2C6600;987010;1109088
2C6610;987015;1109114
2C6620;988463;1111962
2C6630;988429;1111977
2D6510;989643;1112619
2D6520;989826;1112513
2D6530;989655;1112621
2D6540;989680;1112540
2D6550;989487;1112572
2D6560;989409;1112636
2D6570;989450;1112598
2D6590;990688;1112944
2D6590;990698;1112916
2D6590;990867;1113168
2D6590;990941;1112999
2D659A;991048;1113137
2D6600;990617;1112690
2D6610;987616;1110798
2D6620;987596;1110804
2D6640;990753;1112869
2D6650;990801;1112908
2D6660;990747;1112837
2D6670;990818;1112854
2D6680;990878;1112868
2D6690;991984;1113951
2D6700;990983;1113463
2D6710;987584;1110793
2D6720;991050;1112959
2D6770;991042;1113270
2D6780;990947;1113359
2D6780;991045;1113657
2D6790;991661;1113839
2D6800;991003;1113034
2D6810;991490;1113805
2D6820;991345;1113783
2D6830;991311;1113745
2D6870;992146;1114000
2D6890;987529;1110758
2D6910;987552;1110767
2D6910;987569;1110779
2D6920;987654;1110906
2D6930;987558;1110930
2D6940;987453;1110803
2D6940;987512;1110804
2D6980;987635;1110813
2D7000;987422;1110951
2D700A;987554;1111105
2D7010;988108;1111587
2D7020;987722;1111148
2D7030;987649;1111045
2D7040;987604;1111173
2D7050;987688;1111102
2D7060;987661;1111145
2D7070;987657;1111190
2D7080;987693;1111223
2D7090;987760;1111192
2D7100;987732;1111255
2D7110;987614;1111264
2D7110;987766;1111296
2D7110;987766;1111387
2D7120;987820;1111260
2D7120;987837;1111311
2D7120;987855;1111266
2D7130;987821;1111353
2D7150;988111;1111480
2D7160;987873;1110896
2D7170;987935;1111060
2D7180;987813;1111101
2D7190;987852;1111182
2D7200;988060;1111257
2D7240;988254;1111660
2D7250;988315;1111431
2D7260;988285;1111497
2D7270;988415;1111465
2D7280;988679;1111804
2D7290;988842;1111896
2D7300;988725;1111755
2D7310;988785;1111746
2D7330;988865;1111725
2D7340;988920;1111934
2D7350;988970;1111960
2D7360;989027;1111983
2D7370;989070;1112023
2D7380;988978;1111835
2D7390;988928;1111769
2D7400;988922;1111643
2D7420;988960;1111578
2D7430;987700;1110301
2D7430;987800;1110184
2D7430;987910;1110270
2D7440;988271;1109971
2D7450;988064;1110388
2D7510;987890;1110651
2D7510;988664;1110645
2D751A;988268;1110490
2D751A;988309;1110598
2D751A;988334;1110096
2D751A;988336;1110183
2D751A;988408;1110254
2D751A;988419;1110514
2D751A;988468;1110286
2D751A;988484;1110584
2D751A;988553;1110479
2D751A;988571;1110444
2D751A;988580;1110609
2D7560;988233;1110088
2D7570;988216;1110167
2D7580;988127;1110231
2D7600;988363;1110913
2D7600;988624;1111204
2D7620;988588;1110993
2D7620;988626;1110854
2D7630;989403;1112371
2D7650;989403;1112474
2D7670;988727;1110804
2D7690;989495;1112464
2D7730;988444;1111581
2D7730;988475;1111711
2D7730;988506;1111649
2D7740;988387;1111661
2D7760;988645;1111525
2D7780;988726;1111303
2D7790;988737;1111220
2D7800;988776;1111252
2D7810;988828;1111309
2D7820;988898;1111357
2D7830;988822;1111462
2D7850;989262;1112436
2D785B;989284;1112245
2D785C;989196;1112369
2D785D;989370;1112247
2D785E;989272;1112342
2D7860;989136;1112152
2D7870;989111;1112181
2D7880;989329;1112463
2D7890;989349;1112157
2D7890;989530;1112237
2D7900;989183;1112057
2D7900;989432;1111732
2D7910;989907;1111872
2D7920;989595;1112456
2D7920;989633;1112431
2D7930;989689;1112443
2D7940;989752;1112389
2D7960;989744;1112209
2D7970;989823;1112342
2D7980;989924;1112139
2D7990;990044;1112238
2D8000;990049;1112155
2D8010;990059;1111915
2D8040;990168;1112255
2D8060;990030;1112391
2D8070;990142;1112037
2D8070;990317;1112007
2D8100;989923;1112587
2D8110;990122;1112627
2D8110;990139;1112624
2D8130;990059;1112520
2D8140;990094;1112590
2D8170;990404;1112689
2D8180;990477;1112550
2D8190;990350;1112195
2D8190;990399;1112336
2D8220;990610;1112564
2D8230;990635;1112304
2D8280;990727;1112199
2D8290;990728;1112122
2D8300;990847;1112232
2D8310;990743;1112507
2D8320;990746;1112597
2D8360;990931;1112409
2D8370;991094;1112656
2D8380;991094;1112379
2D8390;991266;1112398
2D8400;991453;1112511
2D8400;991521;1112431
2D8450;991053;1113609
2D8460;991089;1113537
2D8470;991134;1113570
2D8480;991138;1113617
2D8490;991107;1113681
2D8500;991141;1113740
2D8520;991159;1113671
2D8530;991056;1113491
2D8530;991201;1113306
2D8530;991450;1113109
2D8540;991439;1113563
2D8570;991236;1112940
2D8580;991374;1113053
2D8610;991521;1112921
2D861A;991319;1112775
2D8620;991362;1112701
2D8630;991462;1112701
2D8630;991564;1112569
2D8630;991586;1112653
2D8630;991594;1112711
2D8630;991604;1112824
2D8630;991620;1112523
2D8650;991333;1112853
2D8660;991718;1112721
2D8710;991737;1112624
2D871A;991763;1112588
2D8720;991835;1112496
2D8730;991631;1113229
2D8740;991603;1113617
2D8770;991577;1113495
2D8830;992126;1113689
2D8840;992437;1114267
2D8850;992946;1113695
2D8870;992841;1113541
2D8890;992688;1113450
2D8900;992899;1112962
2D8910;992958;1113034
2D8920;992920;1113156
2D8980;992898;1112749
2D8990;992384;1112589
2D8990;992894;1112604
2D9000;992197;1112866
2D9010;992639;1113018
2D9020;992610;1113107
2D9030;992566;1113308
2D9070;992009;1113404
2D9080;991812;1112896
2D9090;992665;1114005
2D9100;992749;1113853
2D9110;992626;1113815
2D9120;992508;1114008
2D9130;992362;1113787
2D9130;992470;1113755
2D9190;988160;1111410
2D9190;988235;1111312
2D9190;988332;1111282
2D9200;987811;1111151
2D9210;988187;1111541
2D9220;988959;1111494
2D9230;988824;1111689
2D9260;987680;1110770
2D9270;987882;1111240
2D9290;989097;1112100
2D9300;989197;1112140
2D9310;989658;1112074
2D9320;989761;1112498
2D9330;992770;1114169
2D9340;989756;1112543
2D9350;990161;1112569
2D9360;990845;1112574
2D9380;992867;1113789
2D9380;992920;1113868
2D9420;992843;1114021
2D9430;992826;1114079
2D9440;992868;1113926
2D9460;990904;1112900
2D9470;990862;1112786
2D9480;990766;1112748
2D9490;990990;1112308
2D9510;991235;1113696
2D9530;991336;1113481
2D9550;989652;1112318
2D9580;989912;1112352
2D9600;988447;1111294
2D9620;987804;1111227
2D9630;989940;1111654
2D9640;989344;1112623
2D9670;988313;1111588
2D9690;988822;1111793
2D9700;987765;1110435
2D9710;987678;1110688
2D9730;990388;1112547
2D9740;987722;1110546
2D9760;987626;1110978
2D9770;988329;1111727
2D9770;988368;1111727
2D9790;987824;1110367
2D9800;988535;1111238
2D9820;987462;1110837
2D9840;987344;1110712
3A0010;993218;1111231
3A0020;993668;1111422
3A0030;993724;1111066
3A0040;993569;1111043
3A0050;994014;1111689
3A0060;993879;1110983
3A0070;994043;1111001
3A0090;994532;1111063
3A0120;994904;1111316
3A0140;995137;1110948
3A0140;995256;1111305
3A0150;995472;1111118
3A0160;995731;1111067
3A0170;996108;1111001
3A0170;996316;1111124
3A0180;995950;1110947
3A0190;996583;1111176
3A0200;996711;1110991
3A0210;996764;1111030
3A0220;996796;1111091
3A0230;996852;1111142
3A0240;996984;1111704
3A0250;997102;1111811
3A0270;997829;1112212
3A0280;997629;1112304
3A0290;994003;1111129
3A0300;994022;1111244
3A0310;993147;1112009
3A0330;993252;1111675
3A0350;993279;1112351
3A0360;994284;1111046
3A0360;994465;1111341
3A0380;993775;1111664
3A0390;993584;1111963
3A0390;993791;1112349
3A0400;994017;1111364
3A0410;994024;1111566
3A0410;994025;1111461
3A0420;993511;1112429
3A0450;993835;1112496
3A0480;994549;1112342
3A048B;994106;1112268
3A048C;994213;1112334
3A0490;994771;1112565
3A0500;994320;1111919
3A0510;994572;1111674
3A0520;994352;1112313
3A0520;994474;1112346
3A0530;995583;1112594
3A0540;995408;1112463
3A0550;995626;1111705
3A0560;996342;1112927
3A0570;995712;1112074
3A0570;995878;1112261
3A0580;996290;1112609
3A0590;995903;1112372
3A0600;995956;1112439
3A0610;995719;1112405
3A0620;995852;1112546
3A0630;996076;1112716
3A0640;995749;1112757
3A0640;995993;1112703
3A0650;996186;1112850
3A0660;996106;1112973
3A0670;995926;1112093
3A0670;996524;1112130
3A0730;996458;1112398
3A0750;994601;1112353
3A0770;996702;1112921
3A0790;996805;1113063
3A0800;997229;1113008
3A0810;997292;1113009
3A0820;996985;1113062
3A0830;996536;1112642
3A0830;996836;1112860
3A0830;996952;1112582
3A0840;997358;1112573
3A0850;997453;1113015
3A0860;997590;1112976
3A0870;997922;1112648
3A0880;997804;1112765
3A0890;997952;1112563
3A0900;997686;1112505
3A0910;997703;1112649
3A0930;997605;1112752
3A0940;994892;1111881
3A0950;995090;1112201
3A0970;995197;1112640
3A0980;994722;1111766
3A0990;997345;1113021
3A1000;996109;1111774
3A1010;995246;1110946
3A1020;996679;1113074
3A1030;997210;1113319
3A1040;996132;1112758
3A1060;996333;1112840
3A1070;996408;1112785
3A1080;996553;1113268
3A1090;996588;1113274
3A1100;996614;1113294
3A1110;996640;1113307
3A1120;996697;1113342
3A1130;996763;1113374
3A1140;996800;1113380
3A1150;996824;1113412
3A1160;996860;1113424
3A1170;996895;1113447
3A1180;996924;1113467
3A1190;997011;1113508
3A1200;997152;1113626
3A1210;995176;1111624
3A1230;996407;1113181
3A1240;996387;1113018
3A1240;996518;1112972
3B1510;999565;1114223
3B1520;999210;1114076
3B1530;998961;1113777
3B1530;999323;1113686
3B1540;998495;1113495
3B1540;998919;1113495
3B1550;998274;1113252
3B1550;998538;1113185
3B1560;998401;1112924
3B1570;998391;1112681
3B1580;998029;1112356
3B1600;997958;1112483
3B1610;998354;1112541
3B1620;998627;1112398
3B1630;998953;1112367
3B1640;998928;1112483
3B1650;998882;1112572
3B1660;998783;1112409
3B1660;998832;1112671
3B1670;998239;1112535
3B1670;998366;1112332
3B1670;998550;1112531
3B1680;998196;1112575
3B1690;997797;1113060
3B1700;997681;1113165
3B1720;997440;1113355
3B1730;997557;1113780
3B1740;997918;1113653
3B1750;997664;1113437
3B1760;998077;1113751
3B1770;997564;1113252
3B1780;997999;1113459
3B179A;998331;1114545
3B1930;999361;1114836
3B193A;999074;1114960
3B1940;998972;1114598
3B1960;999085;1114655
3B1980;998505;1114064
3B1980;998771;1114374
3B1980;998904;1114327
3B1990;998260;1114282
3B1990;998277;1114343
3B2010;998923;1114644
3B2030;1000072;1114597
3B2040;999887;1114971
3B2040;1000638;1114823
3B2040;1000990;1114805
3B2050;1000024;1115424
3B2050;1000470;1115471
3B2060;998331;1113771
3B2070;1000111;1114092
3B2070;1000160;1114126
3B2070;1000196;1114157
3B2070;1000227;1114182
3B2070;1000256;1114208
3B2070;1000394;1114272
3B2080;1001409;1115475
3B2080;1001422;1115187
3B2090;1001069;1115404
3B2100;1001068;1115076
3B2120;1001943;1115233
3B2130;1002128;1114880
3B2140;1000781;1115494
3B2150;1002627;1115177
3B2230;998607;1112286
3B2240;998837;1112250
3B2250;998168;1112412
3B2270;1001439;1114896
4A0;994748;1114547
4A0;995454;1115073
4A0010;992662;1114790
4A0020;992746;1114719
4A0030;992800;1114746
4A0040;992879;1114787
4A0050;992833;1114707
4A0060;993023;1114681
4A0070;992774;1114838
4A0070;992972;1114754
4A0080;993023;1114609
4A0080;993043;1114630
4A0080;993057;1114345
4A0080;993064;1114534
4A0090;992974;1114530
4A0120;992849;1114580
4A0130;992851;1114365
4A0140;992829;1114422
4A0160;992822;1114487
4A0180;992795;1114625
4A0200;992652;1114608
4A0210;993058;1114473
4A0230;993080;1114210
4A0250;993026;1114137
4A0250;993050;1114043
4A0270;992921;1114262
4A0290;993155;1113806
4A0300;993356;1113677
4A030A;993287;1113723
4A030B;993365;1113854
4A030B;993582;1113875
4A0310;993228;1113528
4A0320;993283;1113520
4A0330;993101;1113455
4A0340;993643;1113655
4A0360;993712;1113914
4A0370;993815;1114071
4A0380;993827;1114375
4A0400;993877;1113933
4A0410;993935;1113993
4A0430;993890;1113815
4A0440;994223;1114599
4A044A;994344;1114470
4A0450;994372;1114256
4A0460;994531;1114299
4A0480;994750;1114289
4A0480;994751;1114037
4A0490;995358;1114548
4A0500;995577;1114747
4A0500;995730;1114835
4A0510;995303;1114717
4A0520;995553;1114955
4A0530;995801;1115137
4A0530;996072;1114758
4A0550;997389;1115366
4A0560;993104;1112922
4A0560;993335;1113086
4A0580;993403;1112844
4A0590;993207;1112692
4A0630;993197;1113316
4A0640;993278;1113137
4A0650;993400;1113222
4A0680;993771;1113093
4A0690;994248;1113731
4A0700;994224;1113185
4A0710;994389;1113025
4A0720;994342;1112744
4A0730;993911;1112764
4A0740;994627;1112880
4A0760;993538;1112659
4A0800;994172;1114616
4A0810;994166;1114520
4A0820;994165;1114479
4A0830;994193;1114452
4A0840;994109;1114667
4A0860;994125;1113311
4A0870;994096;1114612
4A0880;994144;1114614
4A0890;994086;1114558
4A0900;994095;1114489
4A0900;994137;1114418
4A0920;994004;1114694
4A0940;993845;1114690
4A0940;994002;1114646
4A0950;994210;1114124
4A0960;993803;1114567
4A0970;993964;1114478
4A0970;994050;1114393
4A0990;993931;1114386
4A1000;993972;1114378
4A1020;993932;1114252
4A102A;993983;1114237
4A1030;994001;1114118
4A1040;994180;1114327
4A1050;994303;1114075
4A1060;993827;1113465
4A1070;994192;1114210
4A1080;995109;1114346
4A1090;994985;1114402
4A1100;994944;1114217
4A1110;994544;1114602
4A1110;994589;1113967
4A1110;994669;1114565
4A1110;994675;1114287
4A1110;994683;1114017
4A1120;994814;1114058
4A1120;994833;1114534
4A1120;994837;1114290
4A1130;995589;1114466
4A1130;995918;1114546
4A1140;994807;1113896
4A1150;994914;1113041
4A1160;994660;1113839
4A1170;994829;1113736
4A1180;994590;1113695
4A1190;994455;1113956
4A1190;994489;1113850
4A1200;994787;1113276
4A1210;995079;1113640
4A1220;995289;1113927
4A1220;995412;1113594
4A1220;995435;1113875
4A1230;995727;1113719
4A1230;995800;1113981
4A1230;995945;1113752
4A1240;994548;1113489
4A1250;995507;1113096
4A1260;995825;1113171
4A1260;996010;1113315
4A1270;996591;1114700
4A1280;996286;1115325
4A1280;996455;1115377
4A1280;996511;1115159
4A1290;996831;1114015
4A1300;996600;1114070
4A1330;996607;1113805
4A1340;994883;1113165
4A1350;996358;1114171
4A1350;996402;1113892
4A1360;997262;1115790
4A1370;996129;1113617
4A1370;996389;1113522
4A1380;996735;1115474
4A1390;996912;1115024
4A1390;996986;1115634
4A1400;996710;1113576
4A1410;997526;1114886
4A1420;995301;1114196
4A1430;995620;1114153
4A1430;995627;1113936
4A1430;996054;1114162
4A1450;997185;1114215
4A1490;997697;1114535
4A1500;993238;1113872
4A1510;993294;1113299
4A1530;993860;1114521
4A1540;993928;1114583
4A1550;994852;1114036
4A1550;994862;1114105
4A1550;994895;1114063
4A1580;992733;1114597
4A1620;994004;1114324
4A1630;994053;1114187
4A1700;993152;1113955
4A1710;993129;1113735
4A1740;993923;1114747
4A1750;993847;1113994
4A1760;992571;1114804
4A1770;993659;1113895
4A1780;993757;1113931
4A1780;993795;1113996
4A1800;994069;1113057
4A1810;996432;1114416
4A1820;996367;1114645
4A1830;994997;1112915
4A183A;994832;1112899
4A1840;995167;1113022
4A1850;994654;1113459
4A1860;994773;1113394
4A1870;996673;1114534
4A1890;996540;1114987
4A1910;996271;1115010
4A1920;996536;1114846
4A1930;996067;1115349
4A1960;993961;1113674
4A1970;994032;1113823
4A1990;996088;1115168
4B0;999116;1115745
4B0;999694;1117238
4B0;999823;1117191
4B0;999939;1117124
4B0;1000919;1117557
4B0;1001017;1117881
4B0;1001299;1117679
4B0;1001989;1116773
4B1520;999222;1115676
4B1560;999292;1117114
4B1570;999411;1117008
4B1580;999231;1116608
4B1580;999290;1116654
4B1590;1001656;1116731
4B1590;1001868;1117307
4B1590;1001872;1116652
4B1590;1001994;1116840
4B1600;1002307;1117095
4B1610;1001615;1116398
4B1610;1001702;1116192
4B1640;999675;1116137
4B1640;999787;1116525
4B1660;1000118;1116946
4B1670;1000077;1115937
4B1670;1000293;1116691
4B1670;1000298;1116230
4B1680;999675;1117155
4B1690;999665;1117097
4B1700;999743;1117044
4B1700;999765;1116854
4B1710;999905;1117006
4B1740;999959;1116937
4B1760;999830;1117000
4B1770;999878;1116772
4B1780;999672;1116924
4B1820;1000736;1116519
4B1820;1000866;1116052
4B1830;1000973;1116552
4B1830;1001301;1116062
4B1840;1001437;1117145
4B1840;1001572;1116584
4B1850;1002103;1116104
4B1870;1002025;1115829
4B1900;999885;1116919
4B1910;999515;1115700
4B1920;998355;1114912
4B1920;998821;1115149
4B1920;999401;1115878
4B1950;1002252;1116342
5A0;986950;1106675
5A0;987056;1106890
5A0;987210;1106865
5A0;988438;1108086
5A0;988674;1108200
5A0;988749;1108358
5A0;989030;1108561
5A0;989244;1108808
5A0;989656;1109530
5A0;990670;1109432
5A0;991770;1110085
5A0;991827;1109890
5A0;991970;1109704
5A0;994891;1110579
5A0;995554;1110348
5A0;998406;1112168
5A1000;983111;1105007
5A1020;982918;1104377
5A1050;983714;1105414
5A105A;983495;1105305
5A1080;984064;1105517
5A1100;984682;1105496
5A1110;985691;1105467
5A1120;985131;1105362
5A1130;985869;1105772
5A1140;986047;1106182
5A1150;985542;1105330
5A1160;985257;1105223
5A1470;986535;1106485
5A147A;986434;1106428
5A1480;986694;1106470
5A1900;988386;1107919
5A1910;981255;1104142
5A1920;981506;1104374
5A1930;980862;1104075
5A193A;980988;1104170
5A1950;981862;1104132
5A1960;981608;1104024
5A1970;981768;1103166
5A2000;987052;1106455
5A2020;980703;1104352
5A2030;980236;1104823
5A2040;981352;1103693
5A2050;982494;1104432
5A2060;988507;1108232
5A2060;988514;1108146
5A2070;989896;1109417
5A2080;990124;1109318
5A2090;990183;1109381
5A2100;988295;1107814
5A210A;988267;1107931
5A2110;987685;1107442
5A2120;987572;1107342
5A2130;987193;1107055
5A2140;987254;1107113
5A2150;987044;1106933
5A2160;987027;1106783
5A2170;989445;1108929
5A2180;987487;1107364
5A2220;992314;1109270
5A2240;986824;1106197
5A224A;986863;1106598
5A2250;991753;1109401
5A2260;991486;1109819
5A2270;986943;1106769
5A2270;986956;1106698
5A2280;991713;1110247
5A2290;984571;1105278
5A2300;991911;1110130
5A2310;983891;1104872
5A2330;992134;1110417
5A2330;992485;1110600
5A2330;992514;1110761
5A2340;990053;1109404
5A234A;990046;1109331
5A2350;990242;1109348
5A2350;990349;1109360
5A235A;990255;1108922
5A235B;990308;1109361
5A2360;987137;1106999
5A2370;987362;1107226
5A2380;991701;1110154
5A2390;990721;1109320
5A2400;989785;1109580
5A2410;981969;1103972
5A2420;987045;1106644
5A2440;989807;1109766
5A3400;990909;1109501
5A3420;993223;1110442
5A3430;988372;1107781
5A3450;992937;1110245
5A3460;992795;1110026
5A3470;992890;1110025
5A3480;993319;1110837
5A3490;993420;1110802
5A3500;993629;1110629
5A3510;993511;1110597
5A3520;993682;1110587
5A3530;993946;1110652
5A3540;993868;1110411
5A3550;993848;1110312
5A3560;994039;1110338
5A3570;994025;1110533
5A3580;994057;1110830
5A3590;994221;1110854
5A3600;994254;1110545
5A3610;994342;1110797
5A3620;994391;1110724
5A3630;994324;1110669
5A3640;994343;1110617
5A3650;994418;1110617
5A3660;994620;1110821
5A3670;994654;1110688
5A3680;994539;1110550
5A3690;994674;1110591
5A3700;994806;1110556
5A3710;994814;1110675
5A3720;994822;1110806
5A3730;994883;1110862
5A3740;995068;1110754
5A3750;995036;1110620
5A3760;995453;1110601
5A3770;995824;1110509
5A3770;996090;1110637
5A3780;996635;1110819
5A3790;996820;1110900
5A3800;997165;1111242
5A3820;997278;1111149
5A3830;997701;1111874
5A3840;994507;1110767
5A3850;997929;1112008
5A3880;999088;1112909
5A3890;999136;1113099
5A3960;999056;1113356
5A3970;999132;1113456
5A3990;999373;1113583
5A3990;999598;1113369
5A3990;999616;1113516
5A3990;999683;1113621
5A3990;999742;1113850
5A3990;999771;1113618
5A3990;999794;1113807
5A3990;999837;1113741
5A3990;999844;1113902
5A3990;999845;1113837
5A3990;999909;1113871
5A3990;999959;1113488
5A3990;1000060;1113827
5A3990;1000214;1113768
5A3990;1000230;1113992
5A3990;1000359;1114010
5A3990;1000451;1113839
5A3990;1000509;1114097
5A4120;1000867;1114132
5A4140;1001104;1113832
5A4150;1001293;1114184
5A4160;1001743;1114171
5A4170;1002128;1114215
5A4170;1002417;1114267
5A4180;999043;1112193
5A4190;988599;1108286
5A4200;980930;1103485
5A4210;996429;1110643
5A4220;997568;1111451
5A4230;998411;1112030
5A4250;987412;1107274
5A4260;999045;1113227
5A4260;999112;1113206
5A4260;999176;1113154
5A4260;999209;1113371
5A4260;999267;1113177
5A4260;999760;1113123
5A4270;1000368;1113547
5A4380;988948;1108466
5A4380;988970;1108497
5A4390;990366;1109380
5A4390;990468;1109381
5A4400;992427;1108813
5A4410;991607;1109100
5A4420;992588;1110606
5A4420;992663;1110376
5A4440;992658;1110086
5A4450;992334;1110134
5A4460;992244;1110146
5A4470;992093;1110132
5A4480;992334;1110814
5A4490;991983;1110666
5A4680;1002940;1114812
5A4690;994642;1110335
5A4700;993889;1110824
5A4710;996338;1110624
5A4870;988785;1108367
5A4880;995973;1110432
5A4890;982362;1103410
